<?xml version="1.0" encoding="UTF-8" standalone="no"?>
<!DOCTYPE Plugin PUBLIC "sailpoint.dtd" "sailpoint.dtd">
<Plugin certificationLevel="None" displayName="HelloWorldWidget" minSystemVersion="8.0" name="helloworld" version="8.0.0">
  <Attributes>
    <Map>
      <entry key="minUpgradableVersion" value="0.1"/>
      <entry key="snippets">
        <value>
          <List>
            <Snippet regexPattern=".*home.jsf">
              <Scripts>
                <String>ui/js/AbstractListCtrl.js</String>
                <String>ui/js/HelloWorldModule.js</String>
              </Scripts>
              <StyleSheets>
                <String>ui/css/seri-widget.css</String>
              </StyleSheets>
            </Snippet>
          </List>
        </value>
      </entry>
      <entry key="restResources">
        <value>
          <List>
            <String>sailpoint.plugin.helloworld.rest.HelloWorldResource</String>
          </List>
        </value>
      </entry>
    </Map>
  </Attributes>
</Plugin>
