<?xml version="1.0" encoding="UTF-8" standalone="no"?>
<!DOCTYPE sailpoint PUBLIC "sailpoint.dtd" "sailpoint.dtd">
<sailpoint>
  <SPRight displayName="helloWorldRESTAllow" name="helloWorldRESTAllow"/>
    <Capability displayName="HelloWorldPluginCapability" name="HelloWorldPluginCapability">
        <Description>Allow access to Hello World Widget Plugin</Description>
        <RightRefs>
            <Reference class="sailpoint.object.SPRight" name="helloWorldRESTAllow"/>
        </RightRefs>
    </Capability>
</sailpoint>
